{"learning_rate":1E-06,"rule":"oja","weights":[[0.0,0.9891298016927809,0.9891308074893167,0.9891318131470175,0.9891328186659093,0.9891338240460169,0.9891348292873663,0.9891358343899824,0.9891368393538909,0.9891378441791169,0.9891388488656858,0.989139853413624,0.9891408578229554,0.9891418620937056,0.9891428662259009,0.989143870219566,0.9891448740747261,0.9891458777914068,0.9891468813696338,0.9891478848094316,0.9891488881108259,0.9891498912738423,0.9891508942985059,0.9891518971848419,0.9891528999328757],[0.9891298016927809,0.0,0.9891308074893167,0.9891318131470175,0.9891328186659093,0.9891338240460169,0.9891348292873663,0.9891358343899824,0.9891368393538909,0.9891378441791169,0.9891388488656858,0.989139853413624,0.9891408578229554,0.9891418620937056,0.9891428662259009,0.989143870219566,0.9891448740747261,0.9891458777914068,0.9891468813696338,0.9891478848094316,0.9891488881108259,0.9891498912738423,0.9891508942985059,0.9891518971848419,0.9891528999328757],[0.9891298016927809,0.9891308074893167,0.0,0.9891318131470175,0.9891328186659093,0.9891338240460169,0.9891348292873663,0.9891358343899824,0.9891368393538909,0.9891378441791169,0.9891388488656858,0.989139853413624,0.9891408578229554,0.9891418620937056,0.9891428662259009,0.989143870219566,0.9891448740747261,0.9891458777914068,0.9891468813696338,0.9891478848094316,0.9891488881108259,0.9891498912738423,0.9891508942985059,0.9891518971848419,0.9891528999328757],[0.9891298016927809,0.9891308074893167,0.9891318131470175,0.0,0.9891328186659093,0.9891338240460169,0.9891348292873663,0.9891358343899824,0.9891368393538909,0.9891378441791169,0.9891388488656858,0.989139853413624,0.9891408578229554,0.9891418620937056,0.9891428662259009,0.989143870219566,0.9891448740747261,0.9891458777914068,0.9891468813696338,0.9891478848094316,0.9891488881108259,0.9891498912738423,0.9891508942985059,0.9891518971848419,0.9891528999328757],[0.9891298016927809,0.9891308074893167,0.9891318131470175,0.9891328186659093,0.0,0.9891338240460169,0.9891348292873663,0.9891358343899824,0.9891368393538909,0.9891378441791169,0.9891388488656858,0.989139853413624,0.9891408578229554,0.9891418620937056,0.9891428662259009,0.989143870219566,0.9891448740747261,0.9891458777914068,0.9891468813696338,0.9891478848094316,0.9891488881108259,0.9891498912738423,0.9891508942985059,0.9891518971848419,0.9891528999328757],[0.9891298016927809,0.9891308074893167,0.9891318131470175,0.9891328186659093,0.9891338240460169,0.0,0.9891348292873663,0.9891358343899824,0.9891368393538909,0.9891378441791169,0.9891388488656858,0.989139853413624,0.9891408578229554,0.9891418620937056,0.9891428662259009,0.989143870219566,0.9891448740747261,0.9891458777914068,0.9891468813696338,0.9891478848094316,0.9891488881108259,0.9891498912738423,0.9891508942985059,0.9891518971848419,0.9891528999328757],[0.9891298016927809,0.9891308074893167,0.9891318131470175,0.9891328186659093,0.9891338240460169,0.9891348292873663,0.0,0.9891358343899824,0.9891368393538909,0.9891378441791169,0.9891388488656858,0.989139853413624,0.9891408578229554,0.9891418620937056,0.9891428662259009,0.989143870219566,0.9891448740747261,0.9891458777914068,0.9891468813696338,0.9891478848094316,0.9891488881108259,0.9891498912738423,0.9891508942985059,0.9891518971848419,0.9891528999328757],[0.9891298016927809,0.9891308074893167,0.9891318131470175,0.9891328186659093,0.9891338240460169,0.9891348292873663,0.9891358343899824,0.0,0.9891368393538909,0.9891378441791169,0.9891388488656858,0.989139853413624,0.9891408578229554,0.9891418620937056,0.9891428662259009,0.989143870219566,0.9891448740747261,0.9891458777914068,0.9891468813696338,0.9891478848094316,0.9891488881108259,0.9891498912738423,0.9891508942985059,0.9891518971848419,0.9891528999328757],[0.9891298016927809,0.9891308074893167,0.9891318131470175,0.9891328186659093,0.9891338240460169,0.9891348292873663,0.9891358343899824,0.9891368393538909,0.0,0.9891378441791169,0.9891388488656858,0.989139853413624,0.9891408578229554,0.9891418620937056,0.9891428662259009,0.989143870219566,0.9891448740747261,0.9891458777914068,0.9891468813696338,0.9891478848094316,0.9891488881108259,0.9891498912738423,0.9891508942985059,0.9891518971848419,0.9891528999328757],[0.9891298016927809,0.9891308074893167,0.9891318131470175,0.9891328186659093,0.9891338240460169,0.9891348292873663,0.9891358343899824,0.9891368393538909,0.9891378441791169,0.0,0.9891388488656858,0.989139853413624,0.9891408578229554,0.9891418620937056,0.9891428662259009,0.989143870219566,0.9891448740747261,0.9891458777914068,0.9891468813696338,0.9891478848094316,0.9891488881108259,0.9891498912738423,0.9891508942985059,0.9891518971848419,0.9891528999328757],[0.9891298016927809,0.9891308074893167,0.9891318131470175,0.9891328186659093,0.9891338240460169,0.9891348292873663,0.9891358343899824,0.9891368393538909,0.9891378441791169,0.9891388488656858,0.0,0.989139853413624,0.9891408578229554,0.9891418620937056,0.9891428662259009,0.989143870219566,0.9891448740747261,0.9891458777914068,0.9891468813696338,0.9891478848094316,0.9891488881108259,0.9891498912738423,0.9891508942985059,0.9891518971848419,0.9891528999328757],[0.9891298016927809,0.9891308074893167,0.9891318131470175,0.9891328186659093,0.9891338240460169,0.9891348292873663,0.9891358343899824,0.9891368393538909,0.9891378441791169,0.9891388488656858,0.989139853413624,0.0,0.9891408578229554,0.9891418620937056,0.9891428662259009,0.989143870219566,0.9891448740747261,0.9891458777914068,0.9891468813696338,0.9891478848094316,0.9891488881108259,0.9891498912738423,0.9891508942985059,0.9891518971848419,0.9891528999328757],[0.9891298016927809,0.9891308074893167,0.9891318131470175,0.9891328186659093,0.9891338240460169,0.9891348292873663,0.9891358343899824,0.9891368393538909,0.9891378441791169,0.9891388488656858,0.989139853413624,0.9891408578229554,0.0,0.9891418620937056,0.9891428662259009,0.989143870219566,0.9891448740747261,0.9891458777914068,0.9891468813696338,0.9891478848094316,0.9891488881108259,0.9891498912738423,0.9891508942985059,0.9891518971848419,0.9891528999328757],[0.9891298016927809,0.9891308074893167,0.9891318131470175,0.9891328186659093,0.9891338240460169,0.9891348292873663,0.9891358343899824,0.9891368393538909,0.9891378441791169,0.9891388488656858,0.989139853413624,0.9891408578229554,0.9891418620937056,0.0,0.9891428662259009,0.989143870219566,0.9891448740747261,0.9891458777914068,0.9891468813696338,0.9891478848094316,0.9891488881108259,0.9891498912738423,0.9891508942985059,0.9891518971848419,0.9891528999328757],[0.9891298016927809,0.9891308074893167,0.9891318131470175,0.9891328186659093,0.9891338240460169,0.9891348292873663,0.9891358343899824,0.9891368393538909,0.9891378441791169,0.9891388488656858,0.989139853413624,0.9891408578229554,0.9891418620937056,0.9891428662259009,0.0,0.989143870219566,0.9891448740747261,0.9891458777914068,0.9891468813696338,0.9891478848094316,0.9891488881108259,0.9891498912738423,0.9891508942985059,0.9891518971848419,0.9891528999328757],[0.9891298016927809,0.9891308074893167,0.9891318131470175,0.9891328186659093,0.9891338240460169,0.9891348292873663,0.9891358343899824,0.9891368393538909,0.9891378441791169,0.9891388488656858,0.989139853413624,0.9891408578229554,0.9891418620937056,0.9891428662259009,0.989143870219566,0.0,0.9891448740747261,0.9891458777914068,0.9891468813696338,0.9891478848094316,0.9891488881108259,0.9891498912738423,0.9891508942985059,0.9891518971848419,0.9891528999328757],[0.9891298016927809,0.9891308074893167,0.9891318131470175,0.9891328186659093,0.9891338240460169,0.9891348292873663,0.9891358343899824,0.9891368393538909,0.9891378441791169,0.9891388488656858,0.989139853413624,0.9891408578229554,0.9891418620937056,0.9891428662259009,0.989143870219566,0.9891448740747261,0.0,0.9891458777914068,0.9891468813696338,0.9891478848094316,0.9891488881108259,0.9891498912738423,0.9891508942985059,0.9891518971848419,0.9891528999328757],[0.9891298016927809,0.9891308074893167,0.9891318131470175,0.9891328186659093,0.9891338240460169,0.9891348292873663,